Classe,Nombre de Pixels,Pourcentage (%)
Flat,7836,0.31884765625
Human,3391,0.13798014322916666
Vehicle,30610,1.2455240885416667
Construction,6858,0.279052734375
Object,9038,0.3677571614583333
Nature,5659,0.23026529947916666
Sky,2156,0.08772786458333333
Void,56193,2.2864990234375
